Workbook

Sheet Tickets
A1: ticket_id | B1: created_at | C1: closed_at | D1: outlet_id | E1: cms_id | F1: created_date | G1: closed_date | H1: created_hour | I1: closed_hour | J1: same_day_flag | K1: same_hour_flag
A2: isu-sjd-457 | B2: 2021-08-19 16:45:43 | C2: 2021-08-22 12:33:32 | D2: 101 | E2: vew-iuvd-12 | F2: =IF(B2="","",INT(B2)) -> 44427 | G2: =IF(C2="","",INT(C2)) -> 44430 | H2: =IF(B2="","",HOUR(B2)) -> 16 | I2: =IF(C2="","",HOUR(C2)) -> 12 | J2: =IF(AND(F2<>"", G2<>"", F2=G2), 1, 0) -> 0 | K2: =IF(AND(F2<>"", G2<>"", F2=G2, H2=I2), 1, 0) -> 0
A3: wrqy-juv-978 | B3: 2021-08-20 10:12:56 | C3: 2021-08-20 16:10:22 | D3: 102 | E3: qer-fal-092 | F3: =IF(B3="","",INT(B3)) -> 44428 | G3: =IF(C3="","",INT(C3)) -> 44428 | H3: =IF(B3="","",HOUR(B3)) -> 10 | I3: =IF(C3="","",HOUR(C3)) -> 16 | J3: =IF(AND(F3<>"", G3<>"", F3=G3), 1, 0) -> 1 | K3: =IF(AND(F3<>"", G3<>"", F3=G3, H3=I3), 1, 0) -> 0
A4: qer-fal-092 | B4: 2021-08-21 11:09:22 | C4: 2021-08-21 17:13:45 | D4: 101 | E4: 8woh-k3u-23b | F4: =IF(B4="","",INT(B4)) -> 44429 | G4: =IF(C4="","",INT(C4)) -> 44429 | H4: =IF(B4="","",HOUR(B4)) -> 11 | I4: =IF(C4="","",HOUR(C4)) -> 17 | J4: =IF(AND(F4<>"", G4<>"", F4=G4), 1, 0) -> 1 | K4: =IF(AND(F4<>"", G4<>"", F4=G4, H4=I4), 1, 0) -> 0
A5: abt-221-pla | B5: 2021-08-21 09:15:10 | C5: 2021-08-21 09:45:55 | D5: 103 | E5: jsk-wel-090 | F5: =IF(B5="","",INT(B5)) -> 44429 | G5: =IF(C5="","",INT(C5)) -> 44429 | H5: =IF(B5="","",HOUR(B5)) -> 9 | I5: =IF(C5="","",HOUR(C5)) -> 9 | J5: =IF(AND(F5<>"", G5<>"", F5=G5), 1, 0) -> 1 | K5: =IF(AND(F5<>"", G5<>"", F5=G5, H5=I5), 1, 0) -> 1
A6: tyu-88s-ppl | B6: 2021-08-22 08:20:18 | C6: 2021-08-22 08:50:00 | D6: 101 | E6: ksl-233-ff2 | F6: =IF(B6="","",INT(B6)) -> 44430 | G6: =IF(C6="","",INT(C6)) -> 44430 | H6: =IF(B6="","",HOUR(B6)) -> 8 | I6: =IF(C6="","",HOUR(C6)) -> 8 | J6: =IF(AND(F6<>"", G6<>"", F6=G6), 1, 0) -> 1 | K6: =IF(AND(F6<>"", G6<>"", F6=G6, H6=I6), 1, 0) -> 1
A7: 8woh-k3u-23b | B7: 2021-08-19 12:05:00 | C7: 2021-08-19 12:45:10 | D7: 102 | E7: isu-sjd-457 | F7: =IF(B7="","",INT(B7)) -> 44427 | G7: =IF(C7="","",INT(C7)) -> 44427 | H7: =IF(B7="","",HOUR(B7)) -> 12 | I7: =IF(C7="","",HOUR(C7)) -> 12 | J7: =IF(AND(F7<>"", G7<>"", F7=G7), 1, 0) -> 1 | K7: =IF(AND(F7<>"", G7<>"", F7=G7, H7=I7), 1, 0) -> 1
A8: vny-221-sd1 | B8: 2021-08-23 14:10:05 | C8: 2021-08-23 18:33:42 | D8: 104 | E8: pqw-112-asd | F8: =IF(B8="","",INT(B8)) -> 44431 | G8: =IF(C8="","",INT(C8)) -> 44431 | H8: =IF(B8="","",HOUR(B8)) -> 14 | I8: =IF(C8="","",HOUR(C8)) -> 18 | J8: =IF(AND(F8<>"", G8<>"", F8=G8), 1, 0) -> 1 | K8: =IF(AND(F8<>"", G8<>"", F8=G8, H8=I8), 1, 0) -> 0
A9: pqw-112-asd | B9: 2021-08-24 10:55:23 | C9: 2021-08-24 11:40:19 | D9: 104 | E9: isu-sjd-457 | F9: =IF(B9="","",INT(B9)) -> 44432 | G9: =IF(C9="","",INT(C9)) -> 44432 | H9: =IF(B9="","",HOUR(B9)) -> 10 | I9: =IF(C9="","",HOUR(C9)) -> 11 | J9: =IF(AND(F9<>"", G9<>"", F9=G9), 1, 0) -> 1 | K9: =IF(AND(F9<>"", G9<>"", F9=G9, H9=I9), 1, 0) -> 0

Sheet Feedbacks
A1: cms_id | B1: feedback_at | C1: feedback_rating | D1: ticket_created_at
A2: vew-iuvd-12 | B2: 2021-08-21 13:26:48 | C2: 3 | D2: =IFERROR(INDEX(Tickets!$B:$B, MATCH($A2, Tickets!$E:$E, 0)),"") -> 2021-08-19 16:45:43
A3: qer-fal-092 | B3: 2021-08-21 18:20:15 | C3: 4 | D3: =IFERROR(INDEX(Tickets!$B:$B, MATCH($A3, Tickets!$E:$E, 0)),"") -> 2021-08-20 10:12:56
A4: 8woh-k3u-23b | B4: 2021-08-19 13:20:30 | C4: 5 | D4: =IFERROR(INDEX(Tickets!$B:$B, MATCH($A4, Tickets!$E:$E, 0)),"") -> 2021-08-21 11:09:22
A5: jsk-wel-090 | B5: 2021-08-22 10:33:00 | C5: 2 | D5: =IFERROR(INDEX(Tickets!$B:$B, MATCH($A5, Tickets!$E:$E, 0)),"") -> 2021-08-21 09:15:10
A6: ksl-233-ff2 | B6: 2021-08-22 09:10:29 | C6: 4 | D6: =IFERROR(INDEX(Tickets!$B:$B, MATCH($A6, Tickets!$E:$E, 0)),"") -> 2021-08-22 08:20:18
A7: pqw-112-asd | B7: 2021-08-23 20:30:11 | C7: 3 | D7: =IFERROR(INDEX(Tickets!$B:$B, MATCH($A7, Tickets!$E:$E, 0)),"") -> 2021-08-23 14:10:05
